3d,3d,62.8062650497
mail,mail,15.1183812249
let,know,10.3610891514
enron,enron,10.037562807
exhibit,exhibit,7.80907594164
state,'s,7.24496018078
file,file,6.98082893089
3d,rm01,6.77754692171
state,power,6.52612229589
enron,america,6.38512687985
pcx,pcx,6.08203321028
attachment,attachment,6.08173407512
's,'s,5.96747703823
encoding,7bit,5.74127753637
content,7bit,5.74127753637
mime,7bit,5.74127753637
content,exmerge,5.74127753637
7bit,exmerge,5.74127753637
mime,content,5.74127753637
origin,filename,5.74127753637
encoding,exmerge,5.74127753637
mime,encoding,5.74127753637
exmerge,filename,5.74127753637
exmerge,origin,5.74127753637
content,encoding,5.74127753637
content,folder,5.74117798758
folder,origin,5.74117798758
folder,exmerge,5.74117798758
mime,folder,5.74117798758
encoding,folder,5.74117798758
folder,filename,5.74117798758
7bit,folder,5.74117798758
mime,transfer,5.74107843878
exmerge,items,5.74107843878
encoding,items,5.74107843878
transfer,7bit,5.74107843878
transfer,encoding,5.74107843878
items,filename,5.74107843878
items,origin,5.74107843878
transfer,exmerge,5.74107843878
7bit,items,5.74107843878
content,transfer,5.74107843878
folder,items,5.74097285673
transfer,folder,5.74097285673
version,7bit,5.74028204844
version,content,5.74028204844
version,exmerge,5.74028204844
version,encoding,5.74028204844
mime,version,5.74028204844
version,folder,5.74015233335
version,transfer,5.74002261825
short,term,5.73822772335
enron,north,5.72679469531
power,state,5.70908465431
governor,'s,5.69664649419
file,exhibit,5.56146482498
enron,services,5.54115317279
power,power,5.53185518051
state,state,5.53061450256
nc,wscc,5.4744730096
north,america,5.47379277791
wscc,sw,5.38294441786
wscc,range,5.38255826321
sp,wscc,5.38178595389
agreement,agreement,5.35488706415
unlawful,3d,5.28945907526
wscc,wscc,5.28855519876
necessary,3d,5.27719779405
enron,corp,5.27034667218
zufferli,zufferli,5.19372120038
exmerge,zufferli,5.19318092876
folder,zufferli,5.19309088348
zufferli,john,5.19092979697
john,zufferli,5.19092979697
term,contracts,5.18794829799
state,energy,5.1101725287
spp,wscc,5.09810190786
file,pcx,5.09423436962
john,john,5.08758682585
longer,3d,5.06932987029
's,energy,5.04325221712
wscc,rk,4.99792049354
moved,pcx,4.8983569186
wscc,deviation,4.89802441124
mail,john,4.87600110468
wscc,standard,4.79344668442
megawatt,hour,4.79320097374
7bit,origin,4.79189653914
transfer,items,4.79140511779
exhibit,file,4.78851801737
3d,mail,4.77537164356
nc,nc,4.68730859935
3d,wpd,4.68580489624
embedded,pcx,4.58203115234
ctr,nc,4.58005340381
full,story,4.57855213007
public,utility,4.57576134917
sale,agreement,4.573772256
agency,agreement,4.5712045863
story,july,4.56964280783
john,mail,4.5580107725
said,'s,4.54903811084
wscc,reg,4.47074097966
nw,rk,4.4703534865
rk,sw,4.4703534865
nw,sw,4.47008611623
hp,ne,4.46950100157
nw,wscc,4.46946225226
hp,sp,4.46942350294
ne,nw,4.46910575856
sp,sw,4.46901663513
nc,sp,4.46820289952
ne,sp,4.4675247865
filings,3d,4.46488208321
houston,texas,4.46446359061
smith,houston,4.46344060869
under,term,4.46190613581
prohibited,3d,4.46125514732
federal,energy,4.45934093115
3d,attachments,4.45521025416
energy,commission,4.4465459073
services,enron,4.43900529058
enron,houston,4.42354431386
docket,er01,4.35819923867
yahoo,yahoo,4.35761085049
wscc,nw,4.35615578241
ctr,ne,4.35579002759
ne,nc,4.35497900604
nc,ne,4.35497900604
petroleumworld,july,4.35066946014
state,contracts,4.32581005932
power,'s,4.30681780164
more,state,4.29837049679
wtg,small,4.24146434062
small,customer,4.24087616737
wtg,customer,4.2406556024
origin,zufferli,4.23900136514
zufferli,filename,4.23900136514
items,zufferli,4.23878080017
smith,texas,4.23847445994
3d,contains,4.23754318563
exmerge,john,4.23482288435
folder,john,4.23458598124
enron,global,4.23332794401
agreement,agency,4.23035848601
july,story,4.22867157246
next,week,4.22819776623
enron,smith,4.21625458165
state,generators,4.21362005564
term,power,4.19313610534
's,power,4.18956819938
's,state,4.18816934911
market,power,4.17003396718
power,market,4.17003396718
serc,wscc,4.12197082822
north,texas,4.11919687902
federal,commission,4.11742323271
caracas,july,4.11705337282
spot,market,4.11570842775
north,houston,4.1145063831
's,july,4.10993409785
july,'s,4.10993409785
term,term,4.10797499362
state,calpine,4.09153724313
n't,said,4.07454470281
energy,said,4.06652546785
's,office,4.05634591488
california,'s,4.00627613182
yahoo,phonecard,3.99937614806
maac,ne,3.998821613
dow,jones,3.99859200083
sequence,id,3.99824108412
regulatory,commission,3.99571968253
america,texas,3.99545107961
north,smith,3.99543375039
america,smith,3.99484455689
pge,epmi,3.99469292621
epmi,pge,3.99469292621
make,sure,3.99207621391
america,houston,3.98999237514
markets,enron,3.98929920632
mail,mark,3.98786954563
attachments,3d,3.98107649118
term,market,3.9771254289
enron,texas,3.97530586074
power,sales,3.97287110526
venezuela,'s,3.96559283263
power,contracts,3.96411984889
enron,'s,3.962482332
energy,california,3.95763438811
energy,market,3.95158215783
know,kim,3.94931202994
power,california,3.93261532596
energy,'s,3.93041282416
know,need,3.92363012512
said,state,3.90677745815
3d,information,3.89997573909
fichera,hoffman,3.87207057157
debra,perlingiere,3.87130545164
perlingiere,texas,3.87096987273
perlingiere,north,3.87090275695
federal,regulatory,3.87077299977
perlingiere,smith,3.8707014096
perlingiere,america,3.87063429382
debra,texas,3.86962755708
debra,north,3.86951569744
debra,smith,3.86918011853
debra,america,3.86906825889
perlingiere,houston,3.86855370456
debra,houston,3.86560061013
energy,regulatory,3.86218665399
maviglio,said,3.86160050949
market,sales,3.86077722256
perlingiere,enron,3.86023134753
last,week,3.85442359515
debra,enron,3.85173001508
power,plants,3.85038769943
let,questions,3.84130469686
's,said,3.83422001178
power,under,3.83321500787
know,questions,3.83180110205
let,need,3.81231067881
embedded,moved,3.7411988753
smoking,confirmed,3.74048563524
seat,confirmed,3.74016606664
affiliate,abuse,3.73999007233
petroleumworld,caracas,3.7399530209
w3,filename,3.73951766658
origin,w3,3.73951766658
exmerge,w3,3.73951766658
bill,w3,3.73945282657
folder,w3,3.73945282657
items,w3,3.73938798656
nc,nw,3.73856822363
embedded,file,3.73798929501
id,id,3.73776235498
capacity,socal,3.73762804354
moved,file,3.7371741635
agreement,des,3.73716490064
pge,enrononline,3.73647018629
exmerge,bill,3.73646092344
encoding,bill,3.73646092344
7bit,bill,3.73646092344
bill,origin,3.73646092344
content,bill,3.73646092344
bill,filename,3.73646092344
folder,bill,3.73630345485
transfer,bill,3.73614598626
bill,items,3.73614598626
term,sales,3.73304292883
georgia,power,3.73230190019
allocated,need,3.73223706019
global,enron,3.73109772865
physical,agreement,3.73087542006
enron,markets,3.73021775714
state,officials,3.72379396512
did,n't,3.71944505329
call,questions,3.71897727896
july,july,3.70414281187
power,company,3.69487995387
utility,3d,3.69252718793
power,term,3.68552446729
california,state,3.66926352006
state,california,3.66926352006
need,know,3.66001455635
minute,yahoo,3.60511871197
low,yahoo,3.60459963578
nc,spp,3.60429684134
previously,allocated,3.6037345088
exhibit,final,3.60367202741
nc,rk,3.60276364408
petroleumworld,story,3.60135060334
capacity,capacity,3.60122564055
term,short,3.59545812733
mail,mike,3.59478525079
july,full,3.59343949771
market,prices,3.58398077603
power,trading,3.56865841592
power,enron,3.56390314173
time,'s,3.56275917877
power,more,3.53273642109
energy,energy,3.52803109156
company,'s,3.51879826415
energy,state,3.48164106024
v9p9,exhibit,3.4637564416
terminal,boeing,3.46374143405
terminal,duration,3.46374143405
terminal,aircraft,3.46374143405
terminal,reservation,3.46362137369
terminal,stop,3.46344128315
sequence,shows,3.46340126303
platter,platter,3.46338125297
room,attendees,3.46336624542
calculate,flow,3.46334123285
allocated,cycles,3.4632912077
shows,allocated,3.46320116243
window,sequence,3.4631911574
reservation,confirmed,3.46318115236
sequence,sequence,3.46312112218
phillip,platter,3.46302107188
platter,phillip,3.46302107188
san,francisco,3.46297604925
sequence,allocated,3.46284098134
capacity,needles,3.46275093607
terminal,confirmed,3.46272092098
evening,sequence,3.46270091092
physical,metal,3.4626608908
opec,cut,3.46257084553
committee,bob,3.4622306745
socal,window,3.46221566696
exmerge,platter,3.46212061917
folder,platter,3.46206058899
capacity,sequence,3.46200055881
department,water,3.46186048839
average,megawatt,3.46176043809
average,hour,3.46158034754
wtg,marketing,3.46158034754
id,allocated,3.46149030227
terminal,non,3.46134022682
hp,nc,3.4612001564
caracas,story,3.46106008598
mail,eric,3.46073992501
system,capacity,3.46004957793
agreement,amended,3.45924917552
epmi,enrononline,3.45849879826
metal,agreement,3.4582786876
july,opec,3.45644776708
under,short,3.45639774193
commission,affiliate,3.45629769163
socal,gas,3.45409158248
need,flow,3.45336121528
ca,n't,3.45319613229
's,market,3.45286597555
mark,mail,3.45009457294
questions,comments,3.44934419568
state,government,3.44683793563
state,utilities,3.44176038284
market,price,3.43548722894
state,consultants,3.43465180892
agreement,last,3.43450173347
state,buying,3.43262078781
calpine,power,3.42671281751
term,energy,3.42598245031
term,state,3.40317098159
some,power,3.38730300379
's,contract,3.38464166578
public,3d,3.38138002595
power,file,3.37517690726
commission,'s,3.37019440225
's,more,3.32865851963
day,'s,3.32685261169
phonecard,yahoo,3.31587239661
san,jose,3.31531855121
npcc,nc,3.31510955295
caracas,full,3.31428400981
's,call,3.31421125611
copyright,company,3.31348981641
story,opec,3.3132494684
received,message,3.31179170552
enrononline,epmi,3.31077283898
july,cut,3.30816036069
full,july,3.30345789977
email,email,3.30023932651
mail,steve,3.29789854596
's,choice,3.29587648776
mail,3d,3.28929372855
some,time,3.27413544342
's,petroleumworld,3.27324197585
's,plan,3.25815230124
n't,n't,3.25454708119
's,let,3.24739266233
need,let,3.24577437909
story,'s,3.24494883595
's,story,3.24494883595
state,more,3.23707482638
's,meeting,3.17893150952
annulled,duplicate,3.16204750098
nos,er01,3.16183926171
embedded,embedded,3.16183378173
aircraft,seat,3.16181734179
boeing,seat,3.16181734179
video,attendees,3.16181734179
moved,embedded,3.16173514208
max,min,3.1617296621
delta,matrix,3.1617296621
matrix,enlarge,3.1617296621
mapp,npcc,3.1617296621
choice,delta,3.16167486229
choice,matrix,3.16167486229
moved,moved,3.1616145825
boeing,confirmed,3.16152142283
syncrasy,delta,3.16151046287
syncrasy,matrix,3.16151046287
pcx,embedded,3.16148854295
enlarge,ercot,3.16145566306
syncrasy,choice,3.16143374314
trans,id,3.16132414353
pcx,moved,3.16131318357
international,yahoo,3.16129126364
calls,yahoo,3.16129126364
mapp,hp,3.16118166403
hp,npcc,3.16118166403
rk,max,3.16118166403
sw,max,3.16101726461
enlarge,ctr,3.16101726461
npcc,nw,3.16101726461
rk,reg,3.1609624648
reg,hp,3.1609624648
reg,rk,3.1609624648
click,enlarge,3.16085286519
matrix,click,3.16085286519
delta,click,3.16085286519
min,range,3.16079806538
inter,affiliate,3.16079806538
water,resources,3.16078710542
non,duration,3.1607651855
sw,reg,3.1607651855
reg,sw,3.1607651855
reg,nw,3.1607651855
choice,click,3.16071038569
mapp,nc,3.16068846577
enlarge,nc,3.16068846577
epmi,application,3.16055146625
confirmed,seat,3.16051310638
range,reg,3.16050214642
ne,mapp,3.16041446673
ne,npcc,3.16041446673
mapp,ne,3.16041446673
npcc,ne,3.16041446673
ctr,ercot,3.16038706683
npcc,sp,3.16035966692
mapp,sp,3.16035966692
enlarge,sp,3.16035966692
sp,max,3.16035966692
york,ny,3.16030486712
syncrasy,click,3.1602829472
non,reservation,3.16026102727
capacity,window,3.1601404677
click,ercot,3.1601404677
hp,rk,3.16008566789
reg,ne,3.16004182804
reg,sp,3.15997606828
hp,sw,3.15975686905
sw,hp,3.15975686905
sw,rk,3.15975686905
hp,nw,3.15975686905
houston,attendees,3.15974590909
department,resources,3.15966918936
customer,wtg,3.15961438955
non,stop,3.15950478994
venezuela,petroleumworld,3.15950478994
ercot,ne,3.15948287001
ercot,sp,3.1594006703
sw,nw,3.15937875038
confirmed,confirmed,3.15937875038
range,hp,3.15931847059
range,rk,3.15931847059
rk,range,3.15931847059
nc,hp,3.15909927136
click,ctr,3.15900063171
distribution,list,3.15898967175
rk,wscc,3.15898967175
wscc,hp,3.15898967175
natural,gas,3.15887459216
nw,range,3.15887459216
range,nw,3.15887459216
range,sw,3.15887459216
sw,range,3.15887459216
3d,confidenti,3.15885815221
petroleumworld,full,3.1587485526
ne,hp,3.1585512733
ne,rk,3.1585512733
story,cut,3.15852935337
sp,rk,3.15844167368
rk,sp,3.15844167368
sw,ne,3.15799231526
ne,sw,3.15799231526
file,embedded,3.15793751546
nw,sp,3.15786627571
ctr,sp,3.15786627571
sp,nw,3.15786627571
joe,john,3.15782791584
click,sp,3.15729087774
range,ne,3.15724703789
affiliate,sales,3.15718127812
agreements,sales,3.15718127812
range,sp,3.15709907841
file,moved,3.15697303886
sp,nc,3.15671547976
wscc,ne,3.15668807986
non,confirmed,3.15647984059
make,yahoo,3.15645792067
san,non,3.15597568237
ne,ne,3.15594280248
sp,ne,3.15575648314
epmi,epmi,3.15556468382
pcx,file,3.15456184735
mail,joe,3.15368505044
california,edison,3.15215065584
enron,savannah,3.15186569685
governor,office,3.15166841754
power,savannah,3.15120809916
savannah,power,3.15120809916
oil,july,3.15093410013
mike,mail,3.15000250341
agreement,sale,3.14952026511
said,bought,3.14717483337
give,call,3.14590347785
's,delta,3.14249492986
's,matrix,3.14249492986
said,calpine,3.14078517588
governor,said,3.1367190302
syncrasy,'s,3.13458183773
megawatt,power,3.13349680156
day,day,3.13062529167
power,buying,3.12796202105
's,time,3.11480039242
let,kim,3.11295783391
's,click,3.11084256136
's,longer,3.1068860153
power,prices,3.10582289904
state,commission,3.10443098395
sure,'s,3.1009511962
n't,know,3.06909606842
file,power,3.06486552332
agreement,enron,3.06128161595
said,enron,3.05191084896
time,enron,3.05086965263
last,'s,3.04160300527
enron,energy,3.03004572598
nba,mov,2.99979204935
knicks,mov,2.99979204935
flagstaff,gallup,2.99979204935
nba,knicks,2.99979204935
sports,mov,2.99975739091
fox,knicks,2.99975739091
fox,nba,2.99975739091
sports,knicks,2.99975739091
sports,nba,2.99975739091
fox,mov,2.99975739091
fox,sports,2.99971695606
kansas,city,2.99968807403
yahoo,mailtagline,2.99968807403
v9p8,exhibit,2.99960142793
yahoo,refer,2.99958409871
paragraph,annex,2.99953211105
temp,matrix,2.99948012338
frcc,mapp,2.99948012338
enlarge,ecar,2.99948012338
delta,temp,2.99948012338
npcc,spp,2.99948012338
npcc,serc,2.99948012338
enlarge,frcc,2.99948012338
matrix,ecar,2.99948012338
mapp,serc,2.99948012338
mapp,spp,2.99948012338
choice,temp,2.99942813572
main,npcc,2.99942235932
main,mapp,2.99942235932
deviation,reg,2.99937614806
elizabeth,sager,2.99937614806
mean,max,2.99930683118
syncrasy,temp,2.99927217274
ercot,frcc,2.99922018508
ecar,ercot,2.99922018508
reg,mean,2.99916819741
ercot,main,2.99913353897
rk,deviation,2.99896024677
deviation,rk,2.99896024677
deviation,hp,2.99896024677
frcc,hp,2.99896024677
hp,spp,2.99896024677
spp,rk,2.99896024677
hp,serc,2.99896024677
serc,rk,2.99896024677
main,hp,2.99884471863
deviation,nw,2.99880428378
deviation,sw,2.99880428378
ecar,ctr,2.99880428378
ctr,frcc,2.99880428378
spp,sw,2.99880428378
nw,deviation,2.99880428378
serc,nw,2.99880428378
sw,deviation,2.99880428378
spp,nw,2.99880428378
telus,deal,2.99878695456
southern,edison,2.99875229612
ctr,mapp,2.99867142643
ctr,npcc,2.99867142643
nc,maac,2.99865987361
click,ecar,2.9986483208
temp,click,2.9986483208
rk,mean,2.99861366236
hp,mean,2.99861366236
range,deviation,2.99859633314
steve,harris,2.99852123985
points,groups,2.99849813422
ecar,nc,2.99849235781
nc,serc,2.99849235781
sw,mean,2.99840571171
nw,mean,2.99840571171
inter,sales,2.99838838249
nc,mapp,2.99832484202
nc,npcc,2.99832484202
npcc,wscc,2.99826707795
deviation,ne,2.99823241951
frcc,ne,2.99823241951
ecar,ne,2.99823241951
ne,spp,2.99823241951
ne,serc,2.99823241951
deviation,sp,2.99818043184
spp,sp,2.99818043184
sp,frcc,2.99818043184
serc,sp,2.99818043184
ecar,sp,2.99818043184
ne,main,2.99803602167
main,ne,2.99803602167
ercot,ctr,2.99800713964
sp,main,2.9979782576
executive,director,2.99792049354
members,bob,2.99783962384
ne,mean,2.99764322601
sp,mean,2.99757390913
ctr,hp,2.99734285285
full,opec,2.99725043034
evening,id,2.99664968403
eric,mail,2.9961182546
intended,intended,2.99609514897
minister,july,2.99584098707
ne,ctr,2.99548284985
dasovich,jeff,2.99542508578
sp,ctr,2.99534999249
agreement,paragraph,2.99495719683
agreement,annex,2.99495719683
content,zufferli,2.9948532215
zufferli,origin,2.9948532215
encoding,zufferli,2.9948532215
filename,zufferli,2.9948532215
7bit,zufferli,2.9948532215
transfer,zufferli,2.99454129553
zufferli,items,2.99454129553
ne,wscc,2.99410806502
steve,steve,2.99408495939
affiliate,pge,2.99393477281
north,corp,2.99391166719
america,corp,2.99312607586
jones,company,2.99277949145
enron,transportation,2.9923173789
looks,like,2.99094259407
joe,mail,2.99094259407
central,time,2.99072886702
cut,july,2.99064222091
origin,john,2.9889439573
7bit,john,2.9889439573
content,john,2.9889439573
john,filename,2.9889439573
john,origin,2.9889439573
filename,john,2.9889439573
encoding,john,2.9889439573
information,intended,2.98888619323
john,items,2.98827389411
transfer,john,2.98827389411
items,john,2.98827389411
'd,like,2.98811215472
order,order,2.98669115863
steve,kim,2.98613662357
energy,traders,2.98386071928
state,required,2.98358345175
water,power,2.98133065308
's,temp,2.98123245416
id,need,2.98107071477
steve,mail,2.97929735787
energy,plan,2.97725828626
said,governor,2.97305883848
energy,story,2.97212306057
questions,call,2.97171293569
more,information,2.96794094202
department,power,2.96732864289
consultants,state,2.96599429291
energy,company,2.96331981654
enron,deal,2.96158689449
like,meeting,2.95867558544
time,meeting,2.95488048614
petroleumworld,'s,2.95203849398
state,governor,2.94840513407
n't,'s,2.94664589978
prices,power,2.94049145669
public,power,2.93815778833
state,public,2.93785163877
energy,july,2.93397566977
tomorrow,'s,2.92284453379
know,like,2.91169029217
think,'s,2.89782113934
market,state,2.89681026814
july,power,2.89498492358
's,jeff,2.86237133054
know,know,2.85942536305
power,energy,2.85181205883
ibuyit,payables,2.82827395463
omaha,attendees,2.82825557422
deepak,linklaters,2.828231067
linklaters,alliance,2.828231067
enroncorp,des,2.82818205256
minute,phonecard,2.82818205256
video,omaha,2.82813303812
ua,terminal,2.82813303812
kennedy,terminal,2.82813303812
sequence,1or,2.82808402368
200er,seat,2.82808402368
runs,approximately,2.82805951647
los,angeles,2.82803500925
1or,allocated,2.82798599481
mouse,flow,2.82796148759
maac,npcc,2.82793698037
maac,mapp,2.82793698037
serc,spp,2.82793085357
ecar,frcc,2.82793085357
room,omaha,2.82791247315
low,phonecard,2.82788796593
main,serc,2.82787571233
linda,hayman,2.82787571233
frcc,main,2.82787571233
200er,confirmed,2.82786345872
francisco,terminal,2.82776542984
deviation,mean,2.82776542984
allocate,groups,2.8277102886
needles,window,2.8277102886
capacity,laplata,2.82769190819
ercot,maac,2.82769190819
thoreau,capacity,2.82769190819
capacity,ignacio,2.82769190819
web,site,2.82765514736
needles,sequence,2.82765514736
steve,borland,2.82764289375
akin,steve,2.82764289375
steve,gallagher,2.82764289375
gump,steve,2.82764289375
times,mirror,2.82764289375
small,tier,2.82764289375
smoking,terminal,2.82761838653
seat,hotel,2.82756937209
tier,wtg,2.82754486487
copyright,dow,2.82747134322
global,markets,2.82747134322
privilege,intended,2.82747134322
maac,hp,2.827446836
grid,sequence,2.82739782156
cycles,flow,2.82737944115
allocate,points,2.8273242999
charged,average,2.8273242999
ctr,maac,2.82729979269
kennedy,non,2.82729979269
previously,cycles,2.82726915866
id,allocations,2.8271833834
frcc,ctr,2.82715887618
chris,dorland,2.82715887618
dorland,chris,2.82715887618
ctr,serc,2.82715887618
shows,previously,2.82714049576
customer,tier,2.82710373494
range,std,2.82710373494
allocated,earlier,2.82710373494
mail,myers,2.8270547205
received,error,2.82704859369
nw,max,2.82701795967
confirmed,hotel,2.82701795967
main,ctr,2.82701795967
id,calculation,2.82700570606
hotel,york,2.82695669162
evening,grid,2.82695669162
secretary,jones,2.82689542358
comments,specialist,2.82689542358
stop,confirmed,2.82687704316
er01,er01,2.82685866275
angeles,times,2.82685866275
los,times,2.82685866275
needles,id,2.82682802873
cycles,id,2.82682802873
serc,nc,2.82682802873
socal,needles,2.82682802873
standard,reg,2.82680964831
confirmed,dasovich,2.82673612666
non,aircraft,2.82673612666
sp,maac,2.82671161944
small,wtg,2.826662605
nc,main,2.82665035139
id,shows,2.82665035139
san,terminal,2.82658908334
copyright,jones,2.82658908334
wtg,wtg,2.82644204003
link,capacity,2.8264052792
mail,king,2.82636851838
king,mail,2.82636851838
confidential,intended,2.82635626477
grid,id,2.82629499672
flow,flow,2.82621534826
window,id,2.82611731938
enron,industrial,2.82609893897
update,flow,2.82609893897
assets,enron,2.82609893897
agreement,enroncorp,2.82604992453
origin,platter,2.82600091009
platter,filename,2.82600091009
socal,sequence,2.82593964205
id,sequence,2.82593964205
francisco,non,2.82589062761
items,platter,2.82585386678
limit,order,2.82578034513
consultants,owned,2.82576196471
previous,id,2.82576196471
rk,standard,2.82573133069
standard,hp,2.82573133069
standard,rk,2.82573133069
mail,porter,2.82568231625
porter,mail,2.82568231625
mail,ken,2.82568231625
leaving,sunday,2.82559654099
timely,capacity,2.8254862585
units,down,2.82544949767
right,flow,2.82540048324
click,flow,2.82540048324
standard,nw,2.82532696158
standard,sw,2.82532696158
sw,standard,2.82532696158
nw,standard,2.82532696158
allocated,id,2.82522893271
id,flow,2.82505125537
id,example,2.82505125537
non,terminal,2.82504512857
non,grid,2.82504512857
capacity,flow,2.82493484608
enron,net,2.82493484608
range,standard,2.82478780277
exmerge,phillip,2.82478780277
non,affiliates,2.82476329555
capacity,evening,2.82475104194
comments,heard,2.82475104194
show,physical,2.82475104194
previously,id,2.8246959007
id,previously,2.8246959007
folder,phillip,2.82467752028
non,sequence,2.82448146254
dow,company,2.82444470171
nc,sw,2.82434054603
mail,martin,2.824309912
agreement,distinct,2.82426702437
west,capacity,2.82419962952
john,terminal,2.82416286869
applicants,pge,2.82413836147
down,then,2.82396068414
agency,sale,2.82386878207
standard,ne,2.82384427485
customer,marketing,2.82379526041
cb,enron,2.82377075319
limited,enron,2.82377075319
standard,sp,2.82370948515
wtg,contract,2.82357469544
020ctr,power,2.82347666657
cheap,power,2.82347666657
traders,calpine,2.82343990574
story,venezuela,2.82330511604
socal,id,2.82327448201
file,georgia,2.82303553663
mail,dan,2.82293750776
agreements,agreements,2.82291300054
evening,non,2.82279046444
calpine,san,2.82275983042
signed,contracts,2.82264954794
mead,said,2.82258215309
cycles,need,2.82219616439
short,sales,2.82177954167
'm,sure,2.82177954167
mime,exmerge,2.82175503445
comments,senior,2.8216876396
id,use,2.82167538599
enrononline,pge,2.82156510351
deal,deal,2.82092178902
short,short,2.82092178902
dealing,enron,2.82027847453
non,id,2.82025396731
capacity,non,2.81997213429
room,houston,2.81993537347
corporate,enron,2.81911438164
comments,north,2.8189305775
mail,attachments,2.81882029502
times,company,2.81862423727
longer,term,2.81813409289
enron,south,2.81795028875
enron,works,2.81795028875
gas,plants,2.81785838668
under,contracts,2.81737436911
georgia,enron,2.81678619586
july,venezuela,2.81629605149
power,georgia,2.8160509793
services,services,2.81602034528
flow,time,2.81597133084
utility,term,2.81592844321
comments,comments,2.81311011306
agreement,changes,2.8123810233
several,energy,2.81208693668
john,non,2.81208080987
public,commission,2.81154165106
public,public,2.81121693041
power,co,2.81110052112
power,otherwise,2.81110052112
n't,yet,2.8110637603
enron,organization,2.81096573142
agreement,agreements,2.81059812314
energy,maviglio,2.8097526241
short,market,2.80955656635
according,state,2.80728352181
state,resources,2.80728352181
contracts,market,2.80632161348
purchases,state,2.80603978046
n't,want,2.80304989978
information,email,2.80303764617
judge,'s,2.80188580689
ctr,power,2.79996199022
state,signed,2.79982107372
bought,enron,2.79816070965
back,kim,2.7962614002
power,megawatt,2.79624914659
power,bought,2.79624914659
said,company,2.79595505997
kim,kim,2.79396384845
energy,services,2.79341243603
's,caracas,2.79303870094
's,real,2.79082692445
fichera,'s,2.79082692445
power,agency,2.79006107387
times,power,2.78882345933
like,going,2.78879895211
's,director,2.78861514797
power,utility,2.78634823024
provide,state,2.78613991888
power,short,2.78511061569
generators,state,2.78489617753
time,back,2.78253735773
trading,state,2.78116495348
's,venezuela,2.77976804201
said,more,2.77971902758
business,state,2.77743372943
governor,state,2.77370250539
comments,enron,2.77022248033
california,energy,2.76851310183
full,'s,2.76649738309
need,'s,2.76436303562
's,affiliate,2.76207383011
's,buying,2.75986205362
time,n't,2.75697020182
state,term,2.7538026438
let,'s,2.74976605552
price,state,2.74758393706
','s,2.73553251226
's,governor,2.73110895928
contract,'s,2.73110895928
file,enron,2.72598695058
today,'s,2.70677941792
n't,enron,2.70154099992
make,'s,2.69793231197
's,going,2.68244987655
energy,enron,2.68058732793
back,'s,2.6736027706
energy,power,2.67125007761
some,'s,2.66033211167
's,some,2.66033211167
pcx,pic26308,2.64554171651
pic26308,pcx,2.64554171651
pic16944,pcx,2.64554171651
pcx,pic16944,2.64554171651
srp,epng,2.64554171651
pic04966,pcx,2.64554171651
pic18762,pcx,2.64554171651
confirmations,approximately,2.64535832128
gov,gray,2.64533867179
ecar,maac,2.64527972333
frcc,maac,2.64527972333
maac,main,2.64522732469
application,application,2.64522077486
srp,proposal,2.64517492605
temp,enlarge,2.64516182639
approximately,approximately,2.64480813559
marked,show,2.64460509087
venezuela,minister,2.64459854104
maac,ctr,2.6445461424
marked,changes,2.64451339325
standard,deviation,2.64445444478
myers,mail,2.64428414921
run,approximately,2.64417935194
mark,taylor,2.64411385364
frcc,nc,2.64404180551
standard,mean,2.64402215602
mark,wholesale,2.6439501079
caracas,cut,2.64386496011
committee,members,2.64385841028
main,nc,2.64385186045
required,disclosure,2.64382566113
minister,story,2.64376016283
take,care,2.64368811471
clark,mail,2.64355056828
venezuela,caracas,2.64344577101
advisory,services,2.64339337237
sold,megawatt,2.64336717305
enron,engineering,2.64326237578
enron,europe,2.64326237578
insider,trading,2.64326237578
europe,enron,2.64326237578
opec,oil,2.64319032765
7bit,platter,2.6431575785
cut,petroleumworld,2.64303968157
short,peak,2.64300038259
lower,prices,2.64274493923
wholesale,services,2.64250914536
non,smoking,2.64243709723
chris,chris,2.64228645115
services,global,2.64221440302
vice,services,2.64221440302
mail,peter,2.64208340643
megawatt,hours,2.6418345129
full,venezuela,2.64171661597
commission,abuse,2.64166421733
jones,jones,2.6416576675
san,san,2.6416576675
reliant,energy,2.6415921692
enrononline,applicants,2.64155942005
oil,full,2.64153322073
governor,advisors,2.64142842346
show,changes,2.64133017601
southern,california,2.64121227908
epmi,applicants,2.64116643027
day,delta,2.64077344049
day,matrix,2.64077344049
jeff,dasovich,2.64056384594
information,contained,2.64041974968
day,choice,2.64027565343
venezuela,story,2.64027565343
count,day,2.64027565343
oil,story,2.6400267599
story,oil,2.6400267599
transaction,epmi,2.64002021007
file,statements,2.63998746092
maviglio,calpine,2.63993506229
affiliate,affiliate,2.63985646433
next,summer,2.63962067046
affiliate,enrononline,2.63946347455
message,intended,2.63945037489
bought,calpine,2.63945037489
energy,minister,2.63909668408
prices,applicants,2.63907048476
day,syncrasy,2.63878229226
sunday,sunday,2.63861854651
mark,services,2.63838275265
high,prices,2.6377343195
calpine,corp,2.63751162529
distribution,email,2.63694833994
state,owning,2.63644400305
opec,july,2.63573007161
send,email,2.63511438762
available,today,2.63494409205
market,electric,2.63422361078
prices,epmi,2.63405986504
commission,pge,2.633830621
market,'s,2.63379079382
look,comments,2.63363412611
venezuela,july,2.63278264825
enron,wholesale,2.63206216698
june,energy,2.63161022873
houston,sunday,2.63148578197
enron,total,2.63081769934
last,year,2.63056880581
goode,'s,2.6291998914
help,kim,2.62904924531
prices,prices,2.628715204
changes,agreement,2.62859730706
utilities,energy,2.62745108687
venezuela,energy,2.62745108687
n't,open,2.62718909368
consumers,state,2.62713669504
resources,power,2.62325919585
good,day,2.62235531936
january,power,2.62193613025
energy,consultants,2.62162828826
came,state,2.62048861789
general,enron,2.61961749054
state,paid,2.61915900246
hired,state,2.61782938703
today,call,2.61585133846
mark,enron,2.61463961996
steve,know,2.61305456117
everyone,'s,2.61264847173
n't,think,2.61076867061
problems,'s,2.61028398321
need,order,2.61022503474
power,marketing,2.60870547425
hour,power,2.60870547425
state,department,2.60852207902
price,market,2.60828628515
affiliate,power,2.60605934305
agreements,power,2.60605934305
buying,power,2.60473627745
buying,state,2.60453323273
's,enron,2.60379625458
firm,'s,2.60319051764
utility,power,2.60076708064
utility,state,2.60054438643
're,'s,2.59609705206
state,year,2.59522592471
year,state,2.59522592471
let,jeff,2.59387665979
's,utilities,2.59373256354
california,said,2.592291601
state,enron,2.59211626842
's,oil,2.59136807502
's,sale,2.58900358649
meeting,let,2.58837480284
call,time,2.58758227345
power,contract,2.58753642464
's,n't,2.58734348758
company,power,2.57959803103
's,department,2.5795456324
's,full,2.5795456324
week,know,2.57627071754
let,like,2.56872531372
sunday,'s,2.56772318978
provide,'s,2.56535870125
last,state,2.56464476982
jeff,enron,2.56361644655
n't,let,2.56007953851
contracts,'s,2.54880728159
california,power,2.54387525982
know,n't,2.53437800675
state,july,2.52608592234
power,said,2.5055063574
need,enron,2.50512646728
state,said,2.50481207545
's,last,2.50151751111
's,know,2.48338999265
kermit,kingman,2.44944729504
portlandgeneralrejectingtariffser012097,txt,2.44943314579
7c2,attendees,2.44939069804
attendees,horton,2.44939069804
akin,gump,2.44937654879
txt,txt,2.44937654879
gallagher,borland,2.44937654879
download,msn,2.44936239954
prb,curves,2.44936239954
download,explorer,2.44936239954
des,enronagencyagreement,2.44934825029
couch,pitiful,2.44934117567
rotated,couch,2.44934117567
attendees,stan,2.44934117567
messengerhttp,phonecard,2.44931995179
phonecard,mailtagline,2.44931995179
attendees,porter,2.44929165329
basically,couch,2.44929165329
bed,pitiful,2.44927750404
pcx,pic01655,2.44926335479
phonecard,refer,2.44926335479
pic07376,pcx,2.44926335479
pcx,pic13931,2.44926335479
duration,boeing,2.4492350563
aircraft,boeing,2.4492350563
ldc,segment,2.4492350563
sac,tues,2.4492350563
duration,aircraft,2.4492350563
trans,annulled,2.4492350563
text,htm,2.4492350563
explorer,msn,2.4492350563
msn,explorer,2.4492350563
2001toc,pdf,2.44921383242
des,ease,2.4492067578
trans,duplicate,2.44919260855
hayman,vcf,2.44919260855
attendees,charles,2.44919260855
reservation,boeing,2.4491501608
reservation,duration,2.4491501608
reservation,aircraft,2.4491501608
attendees,greg,2.44914308617
attendees,attendees,2.44914308617
reporters,fichera,2.44912893693
fichera,saber,2.44912893693
sac,bee,2.4491218623
messengerhttp,yahoo,2.44910771305
yahoo,messengerhttp,2.44910771305
gmt,canada,2.4490935638
total,usd,2.4490652653
fixed,peak,2.4490652653
rogers,herndon,2.4490652653
revised,citizens,2.44904404143
linklaters,linklaters,2.44903696681
mccarty,steve,2.44903696681
steve,stojic,2.44903696681
official,duties,2.44903696681
danny,steve,2.44903696681
duration,smoking,2.44902281756
stop,aircraft,2.44902281756
boeing,smoking,2.44902281756
stop,boeing,2.44902281756
aircraft,smoking,2.44902281756
stop,duration,2.44902281756
fichera,partners,2.44900866831
bed,couch,2.44899451906
marked,amended,2.44899451906
leaving,korea,2.44899451906
couch,bed,2.44899451906
represent,ec,2.44898036981
ldc,ec,2.44898036981
segment,ec,2.44898036981
couch,needed,2.44894499668
generator,whose,2.44894499668
dorland,dorland,2.44891669819
rs,rs,2.44891669819
date,depart,2.44889547431
ec,worked,2.44889547431
chief,judge,2.44889547431
involved,whose,2.44889547431
attendees,via,2.44889547431
attendees,washington,2.44889547431
duration,seat,2.44889547431
marked,metal,2.44889547431
stop,reservation,2.44886717581
reservation,smoking,2.44886717581
approximately,00p,2.44881057882
02aug,york,2.44881057882
duties,personal,2.44881057882
official,personal,2.44881057882
volatility,matrix,2.44878228032
delta,volatility,2.44878228032
georgia,savannah,2.44878228032
volatility,enlarge,2.44878228032
des,des,2.44878228032
firms,advisory,2.44875398182
cisson,deal,2.44874690719
linda,vcf,2.44874690719
whose,owned,2.44874690719
central,canada,2.44874690719
ramp,units,2.44872568332
personal,interests,2.44872568332
error,delete,2.44872568332
taylor,counsel,2.44871153407
choice,volatility,2.44871153407
taylor,wholesale,2.44871153407
sellers,cartel,2.44869738482
reservation,seat,2.44869738482
niven,chris,2.44867616095
bee,tues,2.4486620117
community,fichera,2.44864786245
marked,against,2.44864786245
gmt,central,2.44864078782
taylor,vice,2.44864078782
metal,amended,2.44864078782
stop,smoking,2.4486337132
counsel,wholesale,2.4486337132
rescue,plan,2.44861248933
connell,times,2.44858419083
times,edition,2.44858419083
bob,ldc,2.44855589233
involved,generator,2.44855589233
vice,wholesale,2.44855589233
vice,counsel,2.44855589233
bob,segment,2.44855589233
owned,shares,2.44853466845
proposes,utility,2.44852759383
cb,corp,2.44852759383
confirmed,aircraft,2.44851344458
duration,confirmed,2.44851344458
confirmed,boeing,2.44851344458
aircraft,confirmed,2.44851344458
confirmed,duration,2.44851344458
syncrasy,volatility,2.44849929533
terminal,terminal,2.44847099683
ec,ec,2.44847099683
airlines,san,2.44842854908
wall,fichera,2.44840732521
seat,smoking,2.44840025059
stop,seat,2.44840025059
settlement,proposal,2.44840025059
bob,participation,2.44840025059
discussion,citizens,2.44835072821
ramp,down,2.44834365359
generator,owned,2.44832242971
importance,high,2.44830120584
ec,though,2.44830120584
date,airlines,2.44830120584
marked,physical,2.44830120584
against,amended,2.44828705659
socal,segment,2.44825875809
socal,ldc,2.44825875809
id,annulled,2.44825875809
generators,taxes,2.44825168347
involved,owned,2.44821631034
broadband,services,2.44821631034
minister,petroleumworld,2.44818801185
traders,shares,2.4480889671
discussing,comments,2.44807481785
id,duplicate,2.44805359398
against,metal,2.44804651935
ripped,off,2.44804651935
agreements,distinct,2.44800407161
taylor,general,2.44800407161
disclosure,statements,2.44800407161
proposes,public,2.44798992236
date,arrive,2.44790502686
ctr,georgia,2.44786257911
general,wholesale,2.44785550449
general,counsel,2.44785550449
groups,allocated,2.44783428061
according,records,2.44780598211
physical,amended,2.44779183287
sale,des,2.44779183287
agreements,generally,2.44779183287
show,amended,2.44772108662
vice,general,2.44770693737
video,room,2.44770693737
confirmed,smoking,2.44769986274
charged,megawatt,2.44765034037
volatility,click,2.44765034037
file,v9p5,2.44762204187
file,v9p4,2.44762204187
file,v9p7,2.44762204187
file,v9p9,2.44762204187
file,v9p8,2.44762204187
file,v9p6,2.44762204187
v9p2,file,2.44762204187
v9p6,file,2.44762204187
v9p1,file,2.44762204187
bob,ec,2.44762204187
v9p5,file,2.44762204187
v9p4,file,2.44762204187
ec,bob,2.44762204187
v9p3,file,2.44762204187
houston,omaha,2.44762204187
changes,amended,2.44757959413
trip,january,2.44757959413
provide,advisory,2.44756544488
mark,counsel,2.447544221
non,boeing,2.44753714638
charged,hour,2.44750884788
cut,caracas,2.44745225088
gisb,distribution,2.44745225088
committee,participants,2.44744517626
exmerge,dorland,2.44738857926
mark,vice,2.44736735539
show,metal,2.44736735539
folder,dorland,2.44732490764
agency,des,2.44729660914
construction,plant,2.44726123602
efforts,socal,2.44723293752
er01,applicants,2.44722586289
phillip,phillip,2.44719756439
changes,metal,2.44719756439
price,controls,2.44719048977
bob,organization,2.44715511665
traders,owned,2.44715511665
five,administration,2.44715511665
shares,calpine,2.44713389277
message,error,2.44713389277
error,message,2.44713389277
swerzbin,mail,2.4471126689
longer,ec,2.4471126689
mail,clark,2.4471126689
henry,mail,2.4471126689
executive,committee,2.4470843704
socal,ec,2.4470277734
global,change,2.4470277734
records,show,2.44701362415
file,153ctr,2.4469994749
contract,advisory,2.4469994749
020ctr,file,2.4469994749
points,allocated,2.44694287791
organization,distribution,2.44694287791
ny,san,2.44683675854
enron,occasionally,2.44680138541
industrial,enron,2.44680138541
apachi,enron,2.44680138541
enron,counterparty,2.44680138541
structuring,enron,2.44680138541
enron,assets,2.44680138541
enron,forgives,2.44680138541
engineering,enron,2.44680138541
times,copyright,2.44677308691
final,exhibit,2.44672356454
montague,contract,2.44668819142
rk,hp,2.44665989292
against,physical,2.44660329592
gas,segment,2.44656084818
gas,ldc,2.44656084818
exchange,days,2.44654669893
abuse,pge,2.44651840043
show,against,2.4464830273
marked,last,2.44646887805
socal,organization,2.44641228106
ercot,nc,2.44641228106
firms,provide,2.44636275868
chuck,mail,2.44632031094
small,marketing,2.44632031094
ken,mail,2.44632031094
mail,chuck,2.44632031094
taylor,services,2.44630616169
annex,company,2.44630616169
price,cap,2.44627078856
changes,against,2.44624249007
sunday,leaving,2.44622126619
opec,full,2.44612222145
conoco,gas,2.44607269907
venezuela,venezuela,2.44606562445
couch,back,2.4460231767
confidential,use,2.4459948782
counsel,services,2.44598780358
san,ca,2.44595243045
sounds,good,2.44583216184
mark,general,2.44577556484
gisb,office,2.44575434096
oil,petroleumworld,2.44574726634
confirmed,york,2.44558454997
owned,calpine,2.4455633261
peter,mail,2.44552795298
net,enron,2.44545720673
enron,grand,2.44545720673
contract,firms,2.44544305748
contracts,records,2.44542890823
firms,services,2.44535108736
attorney,information,2.44530156499
york,san,2.44524496799
last,amended,2.44517422174
miss,file,2.44513177399
venezuela,full,2.44513177399
file,miss,2.44513177399
file,vcf,2.44513177399
simplifi,3d,2.445075177
mark,mark,2.44506810237
short,purchases,2.44503272925
bob,socal,2.44497613225
socal,bob,2.44497613225
non,seat,2.4449336845
full,oil,2.4449336845
opec,story,2.44491953525
changes,physical,2.44490538601
wo,n't,2.44486293826
nc,ctr,2.44477096814
email,gisb,2.44473559501
martin,mail,2.44473559501
megawatt,megawatt,2.44470729651
marked,agreement,2.44468607264
agreement,marked,2.44468607264
day,temp,2.44465069952
pge,applicants,2.44453750552
small,contract,2.44450920702
contract,small,2.44450920702
metal,last,2.44431111753
senior,corp,2.44419792354
time,canada,2.44419084891
click,nc,2.44415547579
efforts,gas,2.44412010267
fuel,day,2.44411302804
153ctr,enron,2.44411302804
enron,limited,2.44411302804
broadband,enron,2.44411302804
agency,show,2.44400690867
full,full,2.44394323705
hr,hr,2.44394323705
video,houston,2.44388664005
under,purchases,2.44388664005
contract,wtg,2.44388664005
administration,maviglio,2.44388664005
153ctr,power,2.44377344606
power,153ctr,2.44377344606
heavy,state,2.44374514756
quit,state,2.44374514756
gas,ec,2.44363195357
employee,under,2.44357535657
knox,said,2.44349046107
corp,san,2.44347631182
gmt,time,2.44343386408
wscc,nc,2.44333481933
savannah,file,2.44326407308
georgia,file,2.44326407308
dan,mail,2.44315087909
crisis,some,2.4430376851
non,points,2.4429810881
general,services,2.44280422248
keys,enron,2.44276884936
enron,operational,2.44276884936
operational,enron,2.44276884936
enron,payroll,2.44276884936
utility,longer,2.44275470011
agency,agency,2.44269102849
agreement,remain,2.44262735687
intended,use,2.44250001362
use,intended,2.44250001362
proposed,commission,2.44250001362
staff,services,2.44248586437
power,generate,2.44234437188
power,marketer,2.44234437188
district,state,2.44230899876
times,times,2.44224532713
contracts,show,2.44223825251
gas,organization,2.44216750626
tomorrow,discuss,2.44216043164
against,last,2.44215335701
affiliate,epmi,2.44206138689
term,rates,2.44184914815
term,purchases,2.44184914815
enron,model,2.44142467067
negotiate,enron,2.44142467067
megawatt,under,2.44139637218
maviglio,order,2.44133977518
agreement,metal,2.44125487968
public,utilities,2.44124073043
customer,contract,2.44108508869
state,wagner,2.44087284995
prices,posted,2.4408304022
generators,generators,2.44082332758
co,file,2.44077380521
call,central,2.44068183509
open,order,2.44066061121
miss,enron,2.44008049199
agreements,services,2.4399389995
governor,plan,2.43983995475
message,message,2.43980458163
services,sales,2.43962064139
contact,comments,2.43958526826
power,mississippi,2.43948622352
miss,power,2.43948622352
largest,state,2.43943670115
san,john,2.43923153703
contract,administration,2.43921738778
physical,last,2.43913249229
public,longer,2.43899099979
contract,provide,2.4389061043
transaction,term,2.4388778058
bob,gas,2.43875046255
gas,bob,2.43875046255
enron,japan,2.4387363133
why,enron,2.4387363133
show,last,2.43870094018
provide,services,2.43866556706
prices,affiliate,2.43866556706
affiliate,commission,2.43845332832
week,oil,2.43842502982
jim,mail,2.43839673132
mail,jim,2.43839673132
yahoo,file,2.43828353733
griffin,power,2.43805714934
feb,state,2.43800055234
advisory,state,2.43800055234
griffin,state,2.43800055234
changes,last,2.43783783597
against,agreement,2.43782368672
agreement,against,2.43782368672
federal,price,2.43753362711
california,utilities,2.43750532861
enron,inside,2.43739213462
enron,view,2.43739213462
works,enron,2.43739213462
energy,cartel,2.43691106014
term,agreements,2.4367554184
said,law,2.43674126915
annex,power,2.43662807516
real,time,2.43662100053
spent,state,2.43656440353
state,cash,2.43656440353
sacramento,state,2.43656440353
file,disclosure,2.43641583642
sales,term,2.43633094092
enron,conflict,2.43604795593
taylor,enron,2.43604795593
enron,charged,2.43604795593
under,under,2.43579326945
contract,services,2.43548198596
said,came,2.43524144872
power,losses,2.43519900098
ctr,file,2.43517070248
charged,state,2.43512825473
exchange,energy,2.43511410548
energy,exchange,2.43511410548
july,oil,2.43484526974
executed,enron,2.43470377725
counsel,enron,2.43470377725
company,governor,2.43392556854
state,political,2.43369210592
state,budget,2.43369210592
want,make,2.4336284343
available,kim,2.4335718373
vice,enron,2.43335959856
'm,going,2.43314735983
agreement,physical,2.43302001658
public,under,2.43299171808
energy,trader,2.43241867349
agreement,show,2.43233377799
show,agreement,2.43233377799
tomorrow,jeff,2.43221350937
email,office,2.43205786763
enron,pdf,2.43201541988
energy,spot,2.43152019615
chris,mail,2.43126550967
firms,state,2.43081980831
market,affiliate,2.43081273369
agreements,market,2.43081273369
enron,direct,2.4306712412
today,think,2.43042362933
time,yet,2.42980813699
senior,energy,2.42972324149
information,use,2.42959589825
co,power,2.42948270425
power,records,2.42948270425
amount,state,2.42938365951
state,records,2.42938365951
's,minister,2.42905822677
day,trading,2.42905822677
energy,petroleumworld,2.42882476416
utility,file,2.42832246581
agreement,north,2.42821634644
owned,power,2.42805363007
state,owned,2.4279475107
think,work,2.42765037647
public,term,2.42699243637
power,exchange,2.42662455589
exchange,state,2.4265113619
water,state,2.4265113619
state,water,2.4265113619
's,montague,2.42650428727
bought,energy,2.42612933217
governor,some,2.42583219793
some,under,2.42583219793
california,governor,2.42552091444
agreement,america,2.42547139207
july,through,2.42529452646
resources,state,2.42507521309
administration,said,2.42474270573
prices,back,2.42423333276
's,volatility,2.42395034777
power,average,2.42376640753
day,order,2.42368151203
average,state,2.42363906429
trader,power,2.42233733335
example,state,2.42220291548
market,under,2.42209679611
time,tomorrow,2.42148130377
work,work,2.42141055752
meeting,today,2.42108512478
power,electric,2.42090825917
paid,state,2.42076676668
staff,enron,2.41991781172
senior,enron,2.41991781172
administration,energy,2.41983999085
power,several,2.41947918499
sell,power,2.41805011081
utilities,power,2.41805011081
prices,market,2.41773882732
call,today,2.41719408122
week,week,2.41677667837
power,signed,2.41662103663
call,email,2.41660688738
gas,gas,2.41580745479
enron,right,2.41454109698
power,show,2.41376288826
's,cartel,2.41373458977
cartel,'s,2.41373458977
bought,power,2.41233381408
state,bought,2.41214987384
bought,state,2.41214987384
enron,date,2.41185273961
enron,department,2.41185273961
call,jeff,2.41073494891
state,purchase,2.41071372504
purchase,state,2.41071372504
governor,energy,2.4099567402
energy,under,2.4099567402
want,know,2.40755136782
state,texas,2.40640527862
government,'s,2.40607277126
opec,'s,2.40607277126
agency,power,2.40518844318
sales,power,2.40518844318
agency,state,2.40496912982
wtg,'s,2.40351883176
america,enron,2.40244348881
market,california,2.40155208611
officials,'s,2.40096489226
came,'s,2.40096489226
look,enron,2.39975513144
short,power,2.39947214646
's,executive,2.39841095276
agreement,some,2.39733560981
calpine,state,2.39635223698
's,general,2.39585701326
n't,back,2.39551035665
's,standard,2.39330307376
bob,'s,2.39330307376
like,call,2.39194474582
week,let,2.39176080558
more,n't,2.39165468621
contracts,power,2.39089770137
oil,'s,2.39074913426
contracts,state,2.39060764176
enron,non,2.38765752328
information,let,2.38666707583
contract,power,2.38661047883
state,office,2.38629919535
services,power,2.38518140465
services,state,2.38486304654
federal,'s,2.38308731575
yet,'s,2.38308731575
day,energy,2.38120546559
know,going,2.37664940731
prices,state,2.37624615371
commission,power,2.37517788538
's,well,2.37287155775
said,n't,2.36774952949
agreement,let,2.36714111177
like,let,2.36629215682
power,last,2.36231621776
generators,'s,2.36010186024
work,state,2.35901236804
said,energy,2.35425114565
still,'s,2.35244004174
want,'s,2.35244004174
know,file,2.35236929549
gas,power,2.35088362431
's,review,2.34988610224
enron,california,2.34598798405
business,'s,2.34477822323
's,did,2.33711640473
enron,said,2.30700680219
enron,n't,2.30297426613
said,power,2.29800787962
's,price,2.2834836752
going,'s,2.2809297357
know,'s,2.27689110135
week,'s,2.2758218567
gas,'s,2.2732679172
more,'s,2.25794428019
's,california,2.25283640119
v9p7,v9p9,2.23599822873
v9p7,v9p8,2.23599822873
v9p8,v9p9,2.23599822873
v9p2,v9p3,2.23599822873
v9p1,v9p3,2.23599822873
v9p1,v9p2,2.23599822873
v9p3,v9p5,2.23599822873
v9p3,v9p4,2.23599822873
v9p2,v9p4,2.23599822873
v9p6,v9p8,2.23599822873
v9p6,v9p7,2.23599822873
v9p4,v9p6,2.23599822873
v9p4,v9p5,2.23599822873
v9p5,v9p7,2.23599822873
v9p5,v9p6,2.23599822873
stwbom,stsw,2.23597497914
aa,niven,2.23595172955
wspp,attachment,2.2359207301
brokerage,accounts,2.23585098134
epng,srp,2.23581998188
pic32591,pcx,2.23581998188
pic13931,pcx,2.23581998188
pic01655,pcx,2.23581998188
espinoza,veronica,2.23579673229
rights,reserved,2.23579673229
annulled,trans,2.23578898243
trans,trans,2.23578898243
annulled,annulled,2.23578898243
dissemination,strictly,2.23575798298
duplicate,annulled,2.23574248325
duplicate,trans,2.23574248325
city,mo,2.23571923366
barry,goode,2.23568823421
duplicate,duplicate,2.23568823421
international,minute,2.23568048435
calls,minute,2.23568048435
docket,nos,2.23564173503
low,minute,2.23564173503
copyright,rights,2.23560298572
approximately,confirmations,2.23560298572
heard,specialist,2.23560298572
bond,lawmakers,2.2355642364
without,prejudice,2.23554098681
aa,chris,2.23553323695
dissemination,prohibited,2.23550998736
affairs,secretary,2.23544798846
calls,phonecard,2.23544798846
international,phonecard,2.23544798846
copyright,reserved,2.23541698901
yahoo,minute,2.23537048983
temp,volatility,2.23537048983
services,europe,2.23537048983
cas,groups,2.23536273996
plan,reporters,2.23534724024
00p,oncall,2.23532399065
international,calls,2.2352929912
restrictions,abuse,2.23523099229
tms,oncall,2.23523099229
calls,low,2.23521549257
international,low,2.23521549257
senior,specialist,2.23521549257
silva,venezuela,2.23521549257
bond,wall,2.23516124353
strictly,received,2.23509924462
cas,allocated,2.23509149476
minister,caracas,2.23507599503
sunday,basically,2.23504499558
resume,chris,2.2349984964
cas,points,2.23498299668
hesitate,contact,2.23498299668
making,decisions,2.23495199722
cas,previously,2.23492874764
website,attachment,2.23488999832
opec,output,2.23488224846
plan,lawmakers,2.23486674873
specialist,north,2.23486674873
disclosure,holdings,2.23476600051
oncall,site,2.23476600051
pdf,pdf,2.23475825065
dow,dow,2.23475825065
utility,district,2.23475050079
specialist,corp,2.23475050079
annulled,id,2.23471950133
id,trans,2.23471950133
specialist,america,2.23471175147
yahoo,international,2.23467300216
services,limited,2.23467300216
yahoo,calls,2.23467300216
joe,joe,2.23454900435
jim,joe,2.23454900435
yahoo,low,2.23453350462
san,juan,2.2345180049
peaking,plants,2.2345180049
duplicate,id,2.23449475531
willing,prices,2.23448700544
prevent,epmi,2.23444050627
minister,full,2.23433200818
00pm,sunday,2.23427775914
firm,firms,2.23425450955
window,issue,2.23415376133
hesitate,comments,2.23413051174
nc,frcc,2.23404526325
v9p7,file,2.23402201366
file,v9p3,2.23402201366
v9p8,file,2.23402201366
heard,senior,2.23402201366
restrictions,affiliate,2.23397551448
fecha,july,2.23397551448
caracas,opec,2.23396001476
opec,caracas,2.23396001476
groups,previously,2.2339522649
opec,opec,2.23382826709
hesitate,questions,2.23378176791
make,minute,2.23378176791
available,lunch,2.23374301859
points,previous,2.23374301859
reason,ferc,2.23374301859
tms,provide,2.23369651942
goode,governor,2.23368101969
bond,sale,2.23365002024
restrictions,pge,2.23362677065
application,pge,2.23362677065
pge,application,2.23362677065
june,regulatory,2.23356477174
range,mean,2.23355702188
allocated,allocated,2.23355702188
jones,dow,2.23354927202
calpine,shares,2.23348727311
mail,henry,2.23346402352
year,spent,2.23341752435
least,hours,2.23339427476
conflicts,consultants,2.23337102517
using,enrononline,2.23334002572
governor,affairs,2.23334002572
corporate,services,2.23327802681
top,administration,2.23325477722
oil,caracas,2.23321602791
process,timely,2.23321602791
heard,north,2.23318502846
allocated,previously,2.23313852928
via,enrononline,2.2330920301
opec,petroleumworld,2.23303778106
imbalance,contract,2.23299903174
oncall,provide,2.23290603339
heard,corp,2.23290603339
petroleumworld,cut,2.23285953421
abuse,epmi,2.23281303503
term,sheet,2.23281303503
points,previously,2.23281303503
heard,america,2.23281303503
leave,sunday,2.23274328626
nc,ercot,2.23269678709
governor,secretary,2.23265803777
june,federal,2.23264253804
steve,joe,2.23259603887
markets,america,2.23254178983
make,phonecard,2.23241004215
direct,deal,2.23227054462
water,agency,2.23222404544
full,cut,2.23216204654
venezuela,oil,2.23214654681
click,update,2.23203804873
order,executed,2.23197604982
did,vice,2.23197604982
petroleumworld,oil,2.23196829996
counsel,comments,2.23180555284
socal,issue,2.23179780298
environmental,issues,2.23172805421
epmi,er01,2.23172805421
ref,enron,2.23165055558
make,international,2.23149555832
make,calls,2.23149555832
window,non,2.23143355941
update,capacity,2.23141805969
applicants,affiliate,2.23141805969
michelle,michelle,2.23122431311
dorland,back,2.2311855638
consultants,traders,2.23112356489
nc,standard,2.23112356489
make,low,2.2310383164
western,price,2.23103056654
email,delete,2.23086006955
senior,north,2.23078257092
applicants,epmi,2.23064307338
then,open,2.23062757366
affiliate,posted,2.23048807612
then,then,2.23041832736
customer,customer,2.23041832736
lunch,kim,2.23025558023
senior,america,2.23010058297
transaction,sales,2.23006183366
sales,transaction,2.23006183366
nc,range,2.22999983475
west,short,2.22982933777
pressure,state,2.22977508873
value,said,2.22949609366
said,difference,2.22949609366
bill,jones,2.22948059393
epmi,transaction,2.22928684736
commission,june,2.22921709859
ferc,ferc,2.22909310078
need,assistance,2.22906210133
hired,contract,2.22890710407
specialist,enron,2.22870560763
sales,sales,2.22862035914
longer,short,2.22847311174
utility,agreements,2.22816311722
term,against,2.22816311722
contact,look,2.22803911941
attachments,information,2.22803911941
applicants,commission,2.22800811996
back,problems,2.22793062133
yahoo,make,2.22783762297
contracts,megawatt,2.22780662352
consultants,calpine,2.22775237448
jim,california,2.22771362516
commission,customers,2.22760512708
jones,governor,2.22754312818
public,disclosure,2.22744237996
east,enron,2.22723313366
utilities,commission,2.2272021342
cheaper,power,2.22667514352
enrononline,trading,2.22664414407
posted,prices,2.22658214516
contract,marketing,2.22652014626
reply,mail,2.22652014626
need,updated,2.22643489776
energy,daily,2.22622565146
decisions,said,2.22621015174
kim,participants,2.22618690215
june,day,2.22605515448
'll,tomorrow,2.22603190489
enron,success,2.22576065968
booking,enron,2.22576065968
socal,non,2.22572966023
july,previous,2.22560566242
rates,day,2.22546616489
prices,down,2.22539641612
west,term,2.22537316653
signed,term,2.22537316653
n't,tell,2.2250864216
state,whose,2.22505542215
july,industry,2.22490817475
's,contempt,2.2248771753
day,regulatory,2.2248771753
's,html,2.2248771753
story,story,2.2248771753
email,intended,2.22478417694
confirmed,price,2.22448193228
utility,under,2.22447418242
file,final,2.22447418242
calpine,contracts,2.2243114353
posted,price,2.22397819119
contact,email,2.22391619228
previously,more,2.22386194324
market,purchases,2.22379219447
public,agreements,2.2237456953
staff,meeting,2.22362169749
commission,sales,2.22357519831
reported,power,2.22354419886
prices,enrononline,2.22342020105
last,then,2.2233039531
contact,questions,2.22326520379
discussed,meeting,2.22305595749
comments,corp,2.22289321036
comments,america,2.22250571721
posted,information,2.22230422077
energy,fired,2.22228872105
prices,pge,2.22223447201
photo,'s,2.22207947475
's,silva,2.22207947475
's,politics,2.22207947475
working,next,2.2219632268
department,houston,2.22174623064
calpine,company,2.22173073091
comments,look,2.22173073091
some,plants,2.22134323776
energy,four,2.22130448844
marketing,gas,2.22109524214
contract,governor,2.22106424269
ferc,price,2.22095574461
day,federal,2.22075424817
going,well,2.22072324872
officials,said,2.22045975338
energy,caracas,2.22032025584
posted,market,2.2197002668
non,non,2.21966926735
standard,agreement,2.21952976981
gas,north,2.2194910205
energy,june,2.21933602324
planning,let,2.21932827337
's,stuff,2.2192817742
transaction,market,2.21901827885
selling,power,2.21884778187
're,said,2.21881678241
said,'re,2.21881678241
state,top,2.21876253337
need,update,2.21855328707
heard,enron,2.21839828981
said,staff,2.21799529693
know,anyone,2.21793329803
previously,need,2.21767755255
working,week,2.21762330351
gas,america,2.2173520583
state,hoffman,2.21718931118
mail,chris,2.21610433036
state,firms,2.21561608899
time,mark,2.21533709392
sales,market,2.21492635118
message,information,2.21484885255
information,message,2.21484885255
planning,know,2.21430636214
n't,bought,2.2141048657
's,directly,2.21368637309
's,difference,2.21368637309
's,affairs,2.21368637309
agreements,agreement,2.21351587611
need,right,2.21329887994
power,construction,2.21258589255
enron,center,2.21250839392
tomorrow,call,2.21226814816
going,good,2.21202790241
good,going,2.21202790241
need,department,2.2115474109
capacity,time,2.2111909172
power,water,2.21102042022
sunday,like,2.21100492049
's,comment,2.21088867254
's,fill,2.21088867254
mexico,'s,2.21088867254
view,'s,2.21088867254
's,advisor,2.21088867254
wall,'s,2.21088867254
comment,'s,2.21088867254
energy,bought,2.2104779298
email,questions,2.21046243008
need,capacity,2.20979594186
'll,like,2.20948594734
company,gas,2.20933095008
state,fichera,2.20932320021
like,give,2.20872646076
energy,full,2.2085094646
day,good,2.20838546679
's,secretary,2.20809097199
next,back,2.2078584761
know,thank,2.20705249035
'll,time,2.20704474049
agreements,energy,2.20654099939
energy,ferc,2.20654099939
came,power,2.20632400322
power,officials,2.20632400322
need,help,2.20629300377
market,contract,2.20606050788
day,commission,2.20544051884
's,mr,2.20529327144
still,n't,2.20396804487
energy,administration,2.20358830158
power,plant,2.20319305856
state,customers,2.20303031144
need,use,2.20279006569
decisions,'s,2.20249557089
's,asking,2.20249557089
world,'s,2.20249557089
's,reached,2.20249557089
jeff,jeff,2.20230957418
know,date,2.20221657582
know,people,2.20221657582
work,back,2.20189108158
traders,state,2.20145708925
like,good,2.20037210842
power,hours,2.2000621139
public,market,2.19992261637
's,firms,2.19969787034
's,dow,2.19969787034
like,'s,2.19920367166
energy,trading,2.19866713856
high,power,2.19849664157
kim,going,2.19770615554
power,transaction,2.19693116924
state,jones,2.19673742267
call,work,2.19554394376
time,think,2.19543544568
power,days,2.19536569691
days,state,2.19516420047
file,term,2.19514870075
company,said,2.19499370349
know,help,2.19496270404
's,advisors,2.19410246924
system,power,2.19380022458
power,way,2.19380022458
like,email,2.19353672924
some,meeting,2.19307173746
next,time,2.19294773965
under,energy,2.19276174294
public,said,2.19252924705
power,hour,2.19223475225
day,kim,2.19189375828
services,energy,2.19177751033
copy,'s,2.19130476869
caracas,'s,2.19130476869
industry,'s,2.19130476869
's,water,2.19130476869
center,'s,2.19130476869
's,small,2.19130476869
california,some,2.1907157791
let,comments,2.18956879937
power,ferc,2.18910380759
's,resources,2.18850706814
's,fichera,2.18850706814
past,'s,2.18850706814
's,against,2.18850706814
next,let,2.18770883225
corp,enron,2.18600386238
going,like,2.18594186348
issues,enron,2.18453138841
administration,power,2.1844073906
need,make,2.18439964074
state,administration,2.18415164512
work,time,2.18382615087
july,more,2.18375640211
regulatory,'s,2.18291166704
help,state,2.18257842293
going,n't,2.18031546293
's,question,2.18011396649
more,like,2.17910648429
jeff,mail,2.17878099005
like,some,2.17834699772
enron,power,2.17796564844
back,n't,2.17693652265
power,year,2.17658002895
year,power,2.17658002895
through,state,2.17628553415
know,comments,2.17561904593
's,traders,2.17451856539
's,staff,2.17451856539
next,know,2.17320108867
energy,price,2.17209285826
need,more,2.1703878884
state,',2.16999264538
non,enron,2.16833417469
let,meeting,2.16817917743
power,governor,2.16718719497
under,state,2.16684620099
state,contract,2.16684620099
more,energy,2.16225053222
file,need,2.15900333962
know,jeff,2.15627538783
commission,state,2.15426042345
state,next,2.15426042345
let,file,2.154229424
ferc,'s,2.15213696098
said,said,2.14899051659
meeting,know,2.14781253741
know,meeting,2.14781253741
july,energy,2.14748704317
's,administration,2.14374385933
enron,work,2.14330211714
off,'s,2.14094615878
's,provide,2.14094615878
'm,'s,2.13814845823
's,working,2.13814845823
epmi,'s,2.13814845823
need,need,2.13710997658
let,time,2.13655973631
power,price,2.13431227603
calpine,'s,2.13255305713
's,trading,2.12975535658
through,'s,2.12975535658
's,contracts,2.12136225492
like,know,2.11758807163
enron,call,2.11385263766
enron,file,2.10649026779
order,'s,2.10177835107
know,let,2.09099054174
next,'s,2.09058754887
agreement,power,2.08421716146
's,today,2.08219444721
enron,mail,2.07115089241
term,'s,2.06820594446
's,term,2.06820594446
price,'s,2.05421744171
information,'s,2.02903813675
know,enron,2.00636203755
