conceptfrom,conceptto,metaontology,metaname
Enron,Enron,concept,specific
know,know,concept,specific
need,need,concept,specific
like,like,concept,specific
time,time,concept,specific
message,message,concept,specific
information,information,concept,specific
File,File,concept,specific
some,some,concept,specific
company,company,concept,specific
call,call,concept,specific
more,more,concept,specific
said,said,concept,specific
meeting,meeting,concept,specific
let,let,concept,specific
going,going,concept,specific
day,day,concept,specific
business,business,concept,specific
market,market,concept,specific
think,think,concept,specific
week,week,concept,specific
John,John,agent,specific
gas,gas,concept,specific
questions,questions,concept,specific
want,want,concept,specific
power,power,concept,specific
email,email,concept,specific
Houston,Houston,concept,specific
Mark,Mark,agent,specific
next,next,concept,specific
last,last,concept,specific
Jeff,Jeff,agent,specific
Gas,Gas,concept,specific
year,year,concept,specific
would_be,would_be,concept,specific
today,today,concept,specific
price,price,concept,specific
October,October,concept,specific
Energy,Energy,concept,specific
energy,energy,concept,specific
Jim,Jim,agent,specific
still,still,concept,specific
people,people,concept,specific
work,work,concept,specific
back,back,concept,specific
help,help,concept,specific
state,state,concept,specific
make,make,concept,specific
then,then,concept,specific
deal,deal,concept,specific
good,good,concept,specific
contract,contract,concept,specific
use,use,concept,specific
contracts,contracts,concept,specific
did,did,concept,specific
California,California,concept,specific
review,review,concept,specific
under,under,concept,specific
send,send,concept,specific
following,following,concept,specific
Power,Power,concept,specific
contact,contact,concept,specific
through,through,concept,specific
give,give,concept,specific
number,number,concept,specific
BlackBerry,BlackBerry,concept,specific
working,working,concept,specific
list,list,concept,specific
November,November,concept,specific
Edison,Edison,concept,specific
agreement,agreement,concept,specific
customers,customers,concept,specific
Thank,Thank,concept,specific
Mike,Mike,agent,specific
Let,Let,concept,specific
Texas,Texas,concept,specific
take,take,concept,specific
comments,comments,concept,specific
Agreement,Agreement,concept,specific
office,office,concept,specific
trading,trading,concept,specific
file,file,concept,specific
intended,intended,concept,specific
bit,bit,concept,specific
down,down,concept,specific
right,right,concept,specific
changes,changes,concept,specific
received,received,concept,specific
Friday,Friday,concept,specific
discuss,discuss,concept,specific
Kim,Kim,agent,specific
morning,morning,concept,specific
available,available,concept,specific
Services,Services,concept,specific
Steve,Steve,agent,specific
Bill,Bill,agent,specific
tomorrow,tomorrow,concept,specific
has_been,has_been,concept,specific
Monday,Monday,concept,specific
capacity,capacity,concept,specific
provide,provide,concept,specific
report,report,concept,specific
made,made,concept,specific
days,days,concept,specific
Corp,Corp,concept,specific
to_do,to_do,concept,specific
North,North,concept,specific
issues,issues,concept,specific
Items,Items,concept,specific
well,well,concept,specific
change,change,concept,specific
issue,issue,concept,specific
system,system,concept,specific
Commission,Commission,concept,specific
Content-Transfer-Encoding,Content-Transfer-Encoding,concept,specific
process,process,concept,specific
copy,copy,concept,specific
Mime-Version,Mime-Version,concept,specific
Chris,Chris,agent,specific
plan,plan,concept,specific
Smith,Smith,agent,specific
ExMerge,ExMerge,concept,specific
prices,prices,concept,specific
America,America,concept,specific
ENRON,ENRON,concept,specific
sure,sure,concept,specific
net,net,concept,specific
Company,Company,concept,specific
off,off,concept,specific
way,way,concept,specific
FERC,FERC,concept,specific
date,date,concept,specific
based_on,based_on,concept,specific
access,access,concept,specific
out_of,out_of,concept,specific
called,called,concept,specific
natural_gas,natural_gas,concept,specific
job,job,concept,specific
future,future,concept,specific
money,money,concept,specific
confidential,confidential,concept,specific
as_well,as_well,concept,specific
yet,yet,concept,specific
says,says,concept,specific
taking,taking,concept,specific
Sara,Sara,agent,specific
currently,currently,concept,specific
asp,asp,concept,specific
firm,firm,concept,specific
Dave,Dave,agent,specific
Nov,Nov,concept,specific
distribution,distribution,concept,specific
High,High,concept,specific
delete,delete,concept,specific
customer,customer,concept,specific
daily,daily,concept,specific
weeks,weeks,concept,specific
Bob,Bob,agent,specific
sell,sell,concept,specific
prior,prior,concept,specific
cows,cows,concept,specific
Wireless,Wireless,concept,specific
Importance,Importance,concept,specific
times,times,concept,specific
Price,Price,concept,specific
immediately,immediately,concept,specific
book,book,concept,specific
order,order,concept,specific
Tom,Tom,agent,specific
appreciate,appreciate,concept,specific
West,West,concept,specific
never,never,concept,specific
Handheld,Handheld,concept,specific
short,short,concept,specific
desk,desk,concept,specific
against,against,concept,specific
December,December,concept,specific
services,services,concept,specific
Trading,Trading,concept,specific
game,game,concept,specific
hours,hours,concept,specific
sender,sender,concept,specific
copies,copies,concept,specific
anyone,anyone,concept,specific
proposed,proposed,concept,specific
tell,tell,concept,specific
amount,amount,concept,specific
having,having,concept,specific
approval,approval,concept,specific
without,without,concept,specific
Susan,Susan,agent,specific
Joe,Joe,agent,specific
given,given,concept,specific
past,past,concept,specific
Lay,Lay,agent,specific
Mary,Mary,agent,specific
party,party,concept,specific
filing,filing,concept,specific
cash,cash,concept,specific
original,original,concept,specific
trade,trade,concept,specific
coming,coming,concept,specific
law,law,concept,specific
prohibited,prohibited,concept,specific
demand,demand,concept,specific
problem,problem,concept,specific
Hey,Hey,concept,specific
afternoon,afternoon,concept,specific
Dynegy,Dynegy,concept,specific
individual,individual,concept,specific
start,start,concept,specific
basis,basis,concept,specific
specific,specific,concept,specific
Ken,Ken,agent,specific
James,James,agent,specific
value,value,concept,specific
enron,enron,concept,specific
due_to,due_to,concept,specific
early,early,concept,specific
related,related,concept,specific
clickability,clickability,concept,specific
notice,notice,concept,specific
required,required,concept,specific
went,went,concept,specific
talk_to,talk_to,concept,specific
discussed,discussed,concept,specific
final,final,concept,specific
utility,utility,concept,specific
using,using,concept,specific
agreements,agreements,concept,specific
lot,lot,concept,specific
error,error,concept,specific
why,why,concept,specific
be_in,be_in,concept,specific
info,info,concept,specific
payment,payment,concept,specific
management,management,concept,specific
html,html,concept,specific
world,world,concept,specific
signed,signed,concept,specific
understand,understand,concept,specific
look_at,look_at,concept,specific
Oct,Oct,concept,specific
ever,ever,concept,specific
Dan,Dan,agent,specific
make_sure,make_sure,concept,specific
Michelle,Michelle,agent,specific
paid,paid,concept,specific
markets,markets,concept,specific
necessary,necessary,concept,specific
Greg,Greg,agent,specific
old,old,concept,specific
purchase,purchase,concept,specific
CEO,CEO,concept,specific
State,State,concept,specific
house,house,concept,specific
delivery,delivery,concept,specific
points,points,concept,specific
big,big,concept,specific
making,making,concept,specific
trades,trades,concept,specific
Karen,Karen,agent,specific
scheduled,scheduled,concept,specific
different,different,concept,specific
via,via,concept,specific
Louise,Louise,agent,specific
York,York,concept,specific
line,line,concept,specific
room,room,concept,specific
several,several,concept,specific
Canada,Canada,concept,specific
hard,hard,concept,specific
physical,physical,concept,specific
open,open,concept,specific
July,July,concept,specific
hear,hear,concept,specific
agreed,agreed,concept,specific
Frank,Frank,agent,specific
MM,MM,concept,specific
total,total,concept,specific
executed,executed,concept,specific
program,program,concept,specific
Sunday,Sunday,concept,specific
love,love,concept,specific
response,response,concept,specific
ID,ID,concept,specific
thing,thing,concept,specific
parties,parties,concept,specific
set_up,set_up,concept,specific
Pipeline,Pipeline,concept,specific
Lisa,Lisa,concept,specific
least,least,concept,specific
msn,msn,concept,specific
index,index,concept,specific
Saturday,Saturday,concept,specific
period,period,concept,specific
appropriate,appropriate,concept,specific
mail,mail,concept,specific
every,every,concept,specific
load,load,concept,specific
transaction,transaction,concept,specific
account,account,concept,specific
Stacey,Stacey,concept,specific
pipeline,pipeline,concept,specific
area,area,concept,specific
ask,ask,concept,specific
addition,addition,concept,specific
later,later,concept,specific
options,options,concept,specific
Management,Management,concept,specific
download,download,concept,specific
always,always,concept,specific
in_order,in_order,concept,specific
EOL,EOL,concept,specific
needed,needed,concept,specific
changed,changed,concept,specific
sale,sale,concept,specific
question,question,concept,specific
responsible,responsible,concept,specific
requested,requested,concept,specific
term,term,concept,specific
Center,Center,concept,specific
notify,notify,concept,specific
share,share,concept,specific
run,run,concept,specific
Wholesale,Wholesale,concept,specific
status,status,concept,specific
add,add,concept,specific
looks,looks,concept,specific
level,level,concept,specific
disclosure,disclosure,concept,specific
go_to,go_to,concept,specific
lunch,lunch,concept,specific
story,story,concept,specific
proposal,proposal,concept,specific
hour,hour,concept,specific
couple,couple,concept,specific
provided,provided,concept,specific
pretty,pretty,concept,specific
correct,correct,concept,specific
positions,positions,concept,specific
transmission,transmission,concept,specific
Richard,Richard,agent,specific
problems,problems,concept,specific
own,own,concept,specific
East,East,concept,specific
document,document,concept,specific
traders,traders,concept,specific
